259373,14.5,-158.1,13.2,3,3,0.6
259413,14.5,-158.1,13.2,3,3,0.6
259453,14.5,-158.0,13.2,3,3,0.6
259493,14.5,-157.9,13.2,3,3,0.6
259533,14.5,-157.9,13.2,3,3,0.6
259573,14.5,-157.9,13.2,3,3,0.6
259613,14.5,-157.9,13.2,3,3,0.6
259653,14.5,-157.9,13.2,3,3,0.59
259693,14.5,-157.9,13.2,3,3,0.59
259733,14.5,-157.9,13.2,3,3,0.59
259773,14.5,-157.9,13.2,3,3,0.59
259813,14.5,-157.9,13.2,3,3,0.59
259853,14.5,-157.9,13.2,3,3,0.59
259893,14.5,-157.9,13.2,3,3,0.58
259933,14.5,-157.9,13.2,3,3,0.58
259973,14.5,-157.9,13.2,3,3,0.58
260013,14.5,-157.9,13.2,3,3,0.58
260053,14.4,-157.8,13.3,3,3,0.58
260093,14.4,-157.7,13.3,3,3,0.58
260133,14.4,-157.7,13.3,3,3,0.57
260173,14.4,-157.8,13.3,3,3,0.57
260213,14.4,-157.8,13.2,3,3,0.58
260253,14.4,-157.8,13.3,3,3,0.58
260293,14.4,-157.8,13.2,3,3,0.58
260333,14.4,-157.8,13.2,3,3,0.58
260373,14.5,-157.9,13.2,3,3,0.58
260413,14.5,-157.9,13.2,3,3,0.58
260453,14.5,-157.9,13.2,3,3,0.58
260493,14.5,-157.9,13.2,3,3,0.58
260533,14.4,-157.8,13.2,3,3,0.58
260573,14.4,-157.8,13.2,3,3,0.57
260613,14.4,-157.8,13.2,3,3,0.57
260653,14.4,-157.8,13.2,3,3,0.57
260693,14.4,-157.8,13.2,3,3,0.57
260733,14.4,-157.8,13.2,3,3,0.57
260773,14.4,-157.8,13.2,3,3,0.57
260813,14.4,-157.8,13.2,3,3,0.57
260853,14.4,-157.8,13.2,3,3,0.57
260893,14.4,-157.8,13.2,3,3,0.57
260933,14.3,-157.7,13.2,3,3,0.57
260973,14.3,-157.7,13.2,3,3,0.57
261013,14.3,-157.8,13.2,3,3,0.58
261053,14.3,-157.8,13.2,3,3,0.58
261093,14.3,-157.7,13.2,3,3,0.58
261133,14.3,-157.7,13.2,3,3,0.58
261173,14.3,-157.7,13.2,3,3,0.58
261213,14.3,-157.7,13.2,3,3,0.59
261253,14.3,-157.7,13.2,3,3,0.58
261293,14.3,-157.7,13.2,3,3,0.59
261333,14.3,-157.7,13.2,3,3,0.59
261373,14.3,-157.8,13.2,3,3,0.58
261413,14.3,-157.8,13.2,3,3,0.58
261453,14.3,-157.9,13.2,3,3,0.59
261493,14.3,-157.9,13.2,3,3,0.59
261533,14.3,-157.9,13.2,3,3,0.6
261573,14.3,-157.8,13.2,3,3,0.6
261613,14.2,-157.7,13.2,3,3,0.6
261653,14.2,-157.6,13.3,3,3,0.6
261693,14.1,-157.7,13.3,3,3,0.61
261733,14.0,-157.7,13.4,3,3,0.62
261773,13.9,-157.7,13.5,3,3,0.62
261813,13.8,-157.7,13.6,3,3,0.63
261853,13.7,-157.7,13.7,3,3,0.64
261893,13.4,-157.7,14.0,3,3,0.65
261933,13.2,-157.5,14.4,3,3,0.67
261973,13.0,-157.5,14.9,3,3,0.69
262013,12.6,-157.6,15.6,3,3,0.71
262053,12.4,-158.0,16.3,3,3,0.74
262093,12.3,-158.3,17.2,3,3,0.79
262133,12.2,-158.6,17.9,3,3,0.86
262173,12.3,-158.8,18.7,3,3,0.94
262213,12.3,-158.9,19.2,3,3,1.05
262253,12.2,-159.1,19.5,3,3,1.19
262293,12.0,-159.4,19.9,3,3,1.33
262333,11.8,-159.5,20.4,3,3,1.5
262373,11.6,-159.3,21.0,3,3,1.69
262413,11.5,-159.2,21.8,3,3,1.9
262453,11.3,-159.3,22.7,3,3,2.18
262493,11.2,-159.8,23.6,3,3,2.51
262533,10.9,-159.8,24.4,3,3,2.9
262573,10.6,-159.6,25.3,3,3,3.34
262613,10.3,-159.3,26.2,3,3,3.86
262653,9.9,-158.8,27.0,3,3,4.43
262693,9.2,-158.6,27.8,3,3,5.07
262733,8.7,-158.9,28.5,3,3,5.73
262773,8.3,-159.3,29.2,3,3,6.42
262813,7.8,-159.2,29.9,3,3,7.11
262853,7.5,-159.0,30.7,3,3,7.81
262893,7.2,-158.9,31.4,3,3,8.52
262933,6.8,-158.6,32.1,3,3,9.2
262973,6.6,-158.6,32.7,3,3,9.92
263013,6.4,-158.6,33.5,3,3,10.63
263053,6.2,-158.5,34.3,3,3,11.39
263093,6.0,-158.5,35.1,3,3,12.15
263133,5.7,-158.4,35.8,3,3,12.96
263173,5.4,-158.4,36.6,3,3,13.75
263213,5.2,-158.5,37.5,3,3,14.61
263253,4.8,-158.4,38.5,3,3,15.49
263293,4.4,-158.8,39.4,3,3,16.41
263333,4.0,-159.3,40.3,3,3,17.33
263373,3.6,-159.5,41.1,3,3,18.23
263413,3.1,-159.3,42.1,3,3,19.13
263453,2.7,-159.1,43.3,3,3,20.03
263493,2.3,-159.1,44.4,3,3,20.97
263533,1.9,-159.0,45.8,3,3,21.93
263573,1.7,-159.2,47.3,3,3,22.93
263613,1.2,-159.2,48.8,3,3,23.91
263653,1.1,-159.4,50.2,3,3,24.96
263693,0.9,-159.7,51.5,3,3,25.99
263733,0.5,-159.9,52.6,3,3,27.04
263773,0.3,-160.0,53.7,3,3,28.03
263813,0.3,-159.9,55.1,3,3,29.04
263853,0.1,-159.9,56.2,3,3,29.95
263893,-0.1,-159.9,57.2,3,3,30.82
263933,-0.5,-159.9,57.9,3,3,31.61
263973,-0.0,-160.2,58.9,3,3,32.34
264013,-0.3,-160.0,59.9,3,3,33.02
264053,-0.3,-160.0,61.0,3,3,33.66
264093,-0.1,-160.1,62.1,3,3,34.3
264133,-0.3,-160.1,63.2,3,3,34.9
264173,-0.4,-160.1,64.4,3,3,35.51
264213,-0.5,-160.3,65.7,3,3,36.11
264253,-0.8,-160.2,67.1,3,3,36.79
264293,-0.7,-160.4,68.4,3,3,37.48
264333,-0.9,-160.8,69.7,3,3,38.23
264373,-0.9,-161.4,71.0,3,3,39.0
264413,-0.8,-162.1,72.2,3,3,39.82
264453,-0.7,-162.7,73.1,3,3,40.61
264493,-0.4,-163.4,73.6,3,3,41.37
264533,-0.2,-163.9,74.1,3,3,42.06
264573,-0.0,-164.0,74.8,3,3,42.68
264613,-0.4,-163.7,75.7,3,3,43.25
264653,-0.3,-163.8,76.4,3,3,43.77
264693,0.0,-164.0,77.2,3,3,44.26
264733,-0.2,-163.8,78.3,3,3,44.71
264773,-0.2,-163.6,79.3,3,3,45.19
264813,-0.3,-163.4,80.4,3,3,45.71
264853,-0.3,-163.1,81.7,3,3,46.32
264893,-0.2,-163.0,82.8,3,3,46.97
264933,-0.4,-162.8,83.9,3,3,47.69
264973,-0.4,-162.7,84.7,3,3,48.42
265013,-0.4,-162.7,85.5,3,3,49.18
265053,-0.5,-162.8,86.1,3,3,49.89
265093,-0.6,-162.9,86.5,3,3,50.53
265133,-0.4,-163.2,86.4,3,3,51.08
265173,-0.2,-163.6,86.3,3,3,51.45
265213,-0.3,-163.9,86.1,3,3,51.69
265253,-0.3,-164.0,86.1,3,3,51.78
265293,-0.5,-164.2,85.9,3,3,51.75
265333,-0.4,-164.3,85.6,3,3,51.58
265373,-0.3,-164.4,85.2,3,3,51.3
265413,-0.5,-164.3,85.0,3,3,50.95
265453,-0.4,-164.4,84.6,3,3,50.56
265493,-0.3,-164.6,84.1,3,3,50.16
265533,-0.2,-164.7,83.3,3,3,49.68
265573,0.1,-164.8,82.4,3,3,49.14
265613,-0.1,-164.6,81.4,3,3,48.49
265653,0.1,-164.5,80.6,3,3,47.8
265693,-0.1,-164.3,79.9,3,3,47.05
265733,0.2,-164.4,79.2,3,3,46.27
265773,0.4,-164.4,78.7,3,3,45.48
265813,0.4,-164.4,78.0,3,3,44.68
265853,0.5,-164.4,77.0,3,3,43.87
265893,0.3,-164.4,75.7,3,3,43.06
265933,0.7,-164.5,74.7,3,3,42.29
265973,0.7,-164.4,73.9,3,3,41.53
266013,0.6,-164.3,73.2,3,3,40.81
266053,0.5,-164.1,72.7,3,3,40.12
266093,0.5,-163.8,72.1,3,3,39.45
266133,0.5,-163.6,71.1,3,3,38.76
266173,0.8,-163.5,70.3,3,3,38.11
266213,0.8,-163.3,69.5,3,3,37.48
266253,1.1,-163.1,68.7,3,3,36.92
266293,1.2,-162.9,68.0,3,3,36.35
266333,1.3,-162.6,67.2,3,3,35.8
266373,1.2,-162.4,66.3,3,3,35.21
266413,1.1,-162.1,65.5,3,3,34.61
266453,1.3,-162.0,64.7,3,3,34.02
266493,1.2,-161.8,63.9,3,3,33.45
266533,1.3,-161.7,62.9,3,3,32.88
266573,1.3,-161.7,61.8,3,3,32.28
266613,1.5,-161.5,60.7,3,3,31.65
266653,1.4,-161.3,59.8,3,3,31.01
266693,1.4,-161.0,59.2,3,3,30.41
266733,1.5,-160.6,58.8,3,3,29.81
266773,1.5,-160.3,58.2,3,3,29.25
266813,1.5,-160.3,57.5,3,3,28.68
266853,1.5,-160.4,56.7,3,3,28.15
266893,1.7,-160.4,56.1,3,3,27.62
266933,1.7,-160.3,55.6,3,3,27.16
266973,1.7,-160.2,55.1,3,3,26.71
267013,1.9,-160.3,54.4,3,3,26.26
267053,2.0,-160.4,53.5,3,3,25.77
267093,2.1,-160.4,52.6,3,3,25.25
267133,2.1,-160.4,51.8,3,3,24.71
267173,2.2,-160.4,50.9,3,3,24.15
267213,2.3,-160.3,50.0,3,3,23.55
267253,2.3,-160.4,48.6,3,3,22.9
267293,2.3,-160.6,47.1,3,3,22.19
267333,2.3,-160.4,45.8,3,3,21.35
267373,2.2,-160.3,44.7,3,3,20.48
267413,2.3,-160.4,43.8,3,3,19.57
267453,2.5,-160.8,43.2,3,3,18.67
267493,2.8,-161.3,42.5,3,3,17.76
267533,3.1,-161.7,41.7,3,3,16.88
267573,2.9,-161.6,41.0,3,3,16.02
267613,2.9,-161.5,40.3,3,3,15.2
267653,2.8,-161.2,39.7,3,3,14.46
267693,2.6,-160.7,39.0,3,3,13.78
267733,2.6,-160.4,38.4,3,3,13.11
267773,2.8,-160.3,37.7,3,3,12.44
267813,2.9,-160.0,36.7,3,3,11.7
267853,2.8,-159.8,35.6,3,3,10.9
267893,2.7,-159.7,34.4,3,3,10.06
267933,2.5,-159.6,33.2,3,3,9.13
267973,2.5,-159.6,32.2,3,3,8.19
268013,2.7,-159.7,31.5,3,3,7.21
268053,3.2,-160.1,31.0,3,3,6.27
268093,3.7,-160.5,30.4,3,3,5.33
268133,4.4,-160.9,29.6,3,3,4.48
268173,5.1,-161.7,28.7,3,3,3.71
268213,5.6,-162.3,27.8,3,3,3.03
268253,5.7,-162.4,26.9,3,3,2.49
268293,5.6,-162.1,26.2,3,3,2.05
268333,5.5,-161.8,25.7,3,3,1.73
268373,5.5,-161.5,25.2,3,3,1.46
268413,5.7,-161.4,24.8,3,3,1.26
268453,6.0,-161.4,24.4,3,3,1.11
268493,6.5,-161.3,24.1,3,3,1.0
268533,6.8,-160.9,23.8,3,3,0.92
268573,7.1,-160.5,23.5,3,3,0.87
268613,7.3,-160.0,23.2,3,3,0.83
268653,7.4,-159.3,22.8,3,3,0.78
268693,7.3,-158.7,22.4,3,3,0.73
268733,7.2,-158.1,22.0,3,3,0.68
268773,7.1,-157.6,21.6,3,3,0.65
268813,7.0,-157.1,21.2,3,3,0.64
268853,7.0,-156.7,20.8,3,3,0.64
268893,6.9,-156.5,20.3,3,3,0.64
268933,6.9,-156.4,19.8,3,3,0.63
268973,7.0,-156.6,19.3,3,3,0.62
269013,7.2,-156.9,18.7,3,3,0.61
269053,7.4,-157.2,18.2,3,3,0.59
269093,7.7,-157.7,17.6,3,3,0.58
269133,8.1,-158.0,17.1,3,3,0.57
269173,8.4,-158.0,16.5,3,3,0.56
269213,8.5,-157.8,16.1,3,3,0.54
269253,8.6,-157.7,15.8,3,3,0.52
269293,8.8,-157.9,15.5,3,3,0.51
269333,9.2,-158.4,15.2,3,3,0.51
269373,9.6,-158.8,14.9,3,3,0.52
269413,9.9,-159.0,14.7,3,3,0.52
269453,10.1,-159.0,14.6,3,3,0.52
269493,10.1,-158.7,14.5,3,3,0.51
269533,10.2,-158.5,14.5,3,3,0.52
269573,10.2,-158.4,14.5,3,3,0.53
269613,10.3,-158.4,14.4,3,3,0.54
269653,10.3,-158.5,14.4,3,3,0.54
269693,10.4,-158.6,14.3,3,3,0.53
269733,10.5,-158.7,14.3,3,3,0.53
269773,10.5,-158.6,14.2,3,3,0.53
269813,10.6,-158.6,14.2,3,3,0.53
269853,10.7,-158.6,14.0,3,3,0.53
269893,10.8,-158.5,13.9,3,3,0.53
269933,10.8,-158.3,13.8,3,3,0.52
269973,10.8,-158.1,13.7,3,3,0.52
270013,10.8,-158.0,13.8,3,3,0.52
270053,10.8,-158.0,13.8,3,3,0.52
270093,10.8,-158.0,13.8,3,3,0.53
270133,10.8,-158.0,13.8,3,3,0.53
270173,10.9,-158.0,13.8,3,3,0.52
270213,10.9,-157.9,13.8,3,3,0.53
270253,10.9,-157.8,13.8,3,3,0.54
270293,11.0,-157.8,13.7,3,3,0.55
270333,11.1,-157.8,13.7,3,3,0.57
270373,11.1,-157.9,13.6,3,3,0.56
270413,11.2,-158.0,13.6,3,3,0.56
270453,11.3,-158.1,13.6,3,3,0.55
270493,11.5,-158.2,13.6,3,3,0.56
270533,11.6,-158.2,13.6,3,3,0.55
270573,11.6,-158.3,13.6,3,3,0.55
270613,11.6,-158.2,13.6,3,3,0.54
270653,11.6,-158.1,13.6,3,3,0.53
270693,11.6,-158.1,13.6,3,3,0.53
270733,11.7,-158.1,13.6,3,3,0.53
270773,11.7,-158.1,13.6,3,3,0.55
270813,11.7,-158.0,13.6,3,3,0.55
270853,11.6,-157.9,13.6,3,3,0.55
270893,11.6,-157.9,13.6,3,3,0.55
270933,11.6,-157.8,13.6,3,3,0.55
270973,11.6,-157.8,13.7,3,3,0.55
271013,11.6,-157.8,13.7,3,3,0.55
271053,11.6,-157.8,13.7,3,3,0.55
271093,11.6,-157.7,13.7,3,3,0.55
271133,11.6,-157.8,13.7,3,3,0.55
271173,11.6,-157.7,13.7,3,3,0.55
271213,11.6,-157.6,13.7,3,3,0.55
271253,11.5,-157.5,13.7,3,3,0.55
271293,11.5,-157.4,13.8,3,3,0.55
271333,11.4,-157.2,14.0,3,3,0.56
271373,11.3,-156.8,14.1,3,3,0.56
271413,11.1,-156.4,14.2,3,3,0.57
271453,11.0,-155.9,14.4,3,3,0.57
271493,10.8,-155.5,14.4,3,3,0.57
271533,10.7,-155.1,14.5,3,3,0.57
271573,10.6,-154.8,14.5,3,3,0.56
271613,10.6,-154.6,14.5,3,3,0.56
271653,10.5,-154.5,14.6,3,3,0.55
271693,10.5,-154.5,14.5,3,3,0.55
271733,10.4,-154.5,14.5,3,3,0.55
271773,10.4,-154.5,14.5,3,3,0.55
271813,10.4,-154.6,14.5,3,3,0.55
271853,10.5,-154.8,14.4,3,3,0.55
271893,10.6,-155.3,14.4,3,3,0.56
271933,10.7,-155.7,14.3,3,3,0.57
271973,10.8,-156.0,14.3,3,3,0.57
272013,10.9,-156.4,14.3,3,3,0.57
272053,10.9,-156.6,14.3,3,3,0.57
272093,11.0,-157.0,14.3,3,3,0.57
272133,11.1,-157.5,14.4,3,3,0.57
272173,11.1,-157.8,14.5,3,3,0.57
272213,11.1,-158.0,14.7,3,3,0.57
272253,11.0,-158.0,15.0,3,3,0.57
272293,10.7,-158.1,15.5,3,3,0.58
272333,10.5,-158.2,15.9,3,3,0.58
272373,10.3,-158.4,16.3,3,3,0.59
272413,10.2,-158.6,16.7,3,3,0.6
272453,10.2,-158.8,17.0,3,3,0.61
272493,10.2,-158.8,17.3,3,3,0.61
272533,10.1,-158.7,17.6,3,3,0.61
272573,10.0,-158.6,17.9,3,3,0.62
272613,9.8,-158.8,18.2,3,3,0.62
272653,9.8,-159.0,18.6,3,3,0.63
272693,9.8,-159.3,19.1,3,3,0.65
272733,9.9,-159.5,19.7,3,3,0.67
272773,10.0,-159.8,20.4,3,3,0.7
272813,10.1,-160.1,21.1,3,3,0.75
272853,10.1,-160.3,21.9,3,3,0.83
272893,10.0,-160.5,22.7,3,3,0.92
272933,9.9,-160.7,23.5,3,3,1.04
272973,9.7,-160.8,24.3,3,3,1.2
273013,9.6,-161.0,25.2,3,3,1.41
273053,9.4,-161.0,25.9,3,3,1.67
273093,9.0,-160.9,26.5,3,3,1.96
273133,8.5,-160.7,27.1,3,3,2.3
273173,8.3,-160.8,27.6,3,3,2.65
273213,8.1,-161.0,28.2,3,3,3.05
273253,7.9,-161.1,28.8,3,3,3.48
273293,7.6,-160.7,29.5,3,3,3.93
273333,7.2,-160.0,30.2,3,3,4.42
273373,7.0,-159.5,31.0,3,3,4.94
273413,6.8,-159.3,31.7,3,3,5.5
273453,6.6,-159.2,32.4,3,3,6.13
273493,6.4,-159.1,32.8,3,3,6.78
273533,6.1,-159.1,33.1,3,3,7.44
273573,5.9,-159.3,33.5,3,3,8.11
273613,5.6,-159.6,33.8,3,3,8.73
273653,5.6,-160.2,34.2,3,3,9.36
273693,5.5,-160.8,34.9,3,3,9.96
273733,5.3,-160.9,35.7,3,3,10.6
273773,5.0,-160.8,36.5,3,3,11.23
273813,4.7,-160.7,37.5,3,3,11.92
273853,4.5,-160.7,38.4,3,3,12.66
273893,4.3,-160.5,39.4,3,3,13.48
273933,3.9,-160.4,40.4,3,3,14.37
273973,3.6,-160.5,41.3,3,3,15.33
274013,3.2,-160.8,42.2,3,3,16.31
274053,2.9,-160.6,43.3,3,3,17.32
274093,2.5,-160.2,44.7,3,3,18.34
274133,2.2,-159.8,46.0,3,3,19.35
274173,1.8,-159.4,47.3,3,3,20.43
274213,1.4,-159.0,48.3,3,3,21.46
274253,1.1,-158.5,49.4,3,3,22.5
274293,0.6,-158.0,50.4,3,3,23.48
274333,0.3,-157.6,51.5,3,3,24.48
274373,0.1,-157.4,53.0,3,3,25.44
274413,-0.4,-157.2,54.5,3,3,26.44
274453,-0.8,-157.1,56.0,3,3,27.41
274493,-1.2,-157.2,57.2,3,3,28.36
274533,-1.8,-157.2,58.5,3,3,29.29
274573,-2.1,-157.1,60.0,3,3,30.24
274613,-2.3,-157.2,61.5,3,3,31.21
274653,-2.6,-157.0,63.1,3,3,32.21
274693,-2.9,-157.1,64.7,3,3,33.21
274733,-3.5,-156.9,66.1,3,3,34.16
274773,-3.4,-157.1,67.2,3,3,35.12
274813,-3.8,-157.4,68.0,3,3,35.99
274853,-4.1,-157.2,69.0,3,3,36.85
274893,-4.3,-157.3,70.0,3,3,37.64
274933,-4.5,-157.3,71.0,3,3,38.41
274973,-4.4,-157.3,71.7,3,3,39.06
275013,-3.8,-157.4,72.4,3,3,39.66
275053,-3.9,-157.4,72.5,3,3,40.15
275093,-3.6,-157.5,72.7,3,3,40.52
275133,-3.8,-157.4,73.4,3,3,40.87
275173,-3.9,-157.4,74.1,3,3,41.19
275213,-4.0,-157.4,74.7,3,3,41.51
275253,-3.9,-157.5,75.4,3,3,41.8
275293,-4.2,-157.5,75.8,3,3,42.08
275333,-4.1,-157.6,76.1,3,3,42.33
275373,-4.2,-157.8,76.5,3,3,42.6
275413,-4.1,-158.0,77.1,3,3,42.92
275453,-4.1,-158.2,77.8,3,3,43.28
275493,-4.1,-158.3,78.6,3,3,43.64
275533,-4.0,-158.3,79.5,3,3,44.03
275573,-4.5,-158.3,80.2,3,3,44.43
275613,-4.2,-158.4,80.9,3,3,44.88
275653,-4.6,-158.4,81.4,3,3,45.36
275693,-4.2,-158.5,82.0,3,3,45.87
275733,-4.1,-158.5,82.5,3,3,46.39
275773,-3.6,-158.7,83.1,3,3,46.91
275813,-3.4,-158.8,83.8,3,3,47.43
275853,-3.8,-158.5,84.5,3,3,47.94
275893,-3.7,-158.6,84.9,3,3,48.44
275933,-3.5,-158.8,85.3,3,3,48.89
275973,-3.4,-158.8,85.6,3,3,49.33
276013,-2.9,-158.9,86.0,3,3,49.73
276053,-3.0,-159.0,86.3,3,3,50.11
276093,-2.6,-158.9,86.5,3,3,50.43
276133,-2.7,-158.8,86.8,3,3,50.69
276173,-2.6,-158.6,86.9,3,3,50.87
276213,-2.8,-158.4,87.1,3,3,51.0
276253,-2.9,-158.4,86.8,3,3,51.05
276293,-3.0,-158.6,86.2,3,3,50.99
276333,-2.9,-158.5,85.8,3,3,50.83
276373,-2.9,-158.5,85.4,3,3,50.57
276413,-2.8,-158.2,85.2,3,3,50.25
276453,-2.6,-158.2,84.8,3,3,49.84
276493,-2.4,-158.1,84.4,3,3,49.36
276533,-2.0,-158.2,83.6,3,3,48.77
276573,-2.0,-158.2,82.5,3,3,48.09
276613,-1.7,-158.2,81.4,3,3,47.38
276653,-1.6,-158.1,80.7,3,3,46.61
276693,-1.5,-158.0,79.9,3,3,45.84
276733,-1.7,-157.9,79.0,3,3,45.02
276773,-1.3,-157.9,78.0,3,3,44.2
276813,-1.7,-157.9,76.8,3,3,43.33
276853,-1.4,-157.8,75.9,3,3,42.5
276893,-1.6,-157.6,74.9,3,3,41.68
276933,-1.5,-157.5,73.5,3,3,40.88
276973,-1.9,-157.2,72.1,3,3,40.04
277013,-2.1,-156.8,70.8,3,3,39.17
277053,-1.9,-156.7,69.6,3,3,38.28
277093,-1.9,-156.3,68.5,3,3,37.39
277133,-1.5,-156.4,67.2,3,3,36.5
277173,-1.2,-156.0,66.1,3,3,35.61
277213,-0.8,-155.8,65.1,3,3,34.76
277253,-0.7,-155.6,64.0,3,3,33.9
277293,-0.8,-155.6,62.8,3,3,33.12
277333,-0.6,-155.4,61.8,3,3,32.35
277373,-0.5,-155.0,61.1,3,3,31.65
277413,-0.2,-154.6,60.4,3,3,30.98
277453,-0.3,-154.1,59.6,3,3,30.35
277493,-0.3,-153.8,58.5,3,3,29.72
277533,-0.1,-153.7,57.5,3,3,29.09
277573,-0.2,-153.2,56.8,3,3,28.49
277613,-0.1,-152.9,56.0,3,3,27.92
277653,-0.4,-152.5,55.2,3,3,27.36
277693,-0.4,-152.6,54.3,3,3,26.79
277733,-0.3,-152.6,53.3,3,3,26.19
277773,-0.1,-152.6,52.4,3,3,25.59
277813,-0.1,-152.5,51.7,3,3,25.02
277853,-0.0,-152.3,51.2,3,3,24.46
277893,-0.1,-152.3,50.6,3,3,23.94
277933,-0.1,-152.5,50.0,3,3,23.41
277973,0.1,-152.9,49.3,3,3,22.92
278013,0.3,-153.1,48.5,3,3,22.4
278053,0.6,-153.3,47.6,3,3,21.92
278093,0.5,-153.3,46.7,3,3,21.41
278133,0.4,-153.3,45.8,3,3,20.89
278173,0.4,-153.2,45.2,3,3,20.37
278213,0.3,-153.0,44.7,3,3,19.84
278253,0.4,-153.0,44.2,3,3,19.32
278293,0.6,-153.1,43.7,3,3,18.81
278333,0.8,-153.2,43.1,3,3,18.3
278373,1.0,-153.0,42.6,3,3,17.8
278413,1.3,-152.8,42.3,3,3,17.34
278453,1.3,-152.5,41.9,3,3,16.9
278493,1.3,-152.3,41.4,3,3,16.48
278533,1.4,-152.3,41.0,3,3,16.04
278573,1.5,-152.2,40.5,3,3,15.61
278613,1.7,-152.2,39.9,3,3,15.14
278653,1.9,-152.2,39.2,3,3,14.68
278693,2.0,-152.3,38.7,3,3,14.21
278733,2.1,-152.5,38.2,3,3,13.75
278773,2.3,-152.9,37.7,3,3,13.27
278813,2.3,-153.1,37.2,3,3,12.79
278853,2.2,-153.2,36.7,3,3,12.29
278893,2.2,-153.2,36.2,3,3,11.79
278933,2.3,-153.2,35.7,3,3,11.29
278973,2.3,-153.2,35.2,3,3,10.79
279013,2.4,-153.2,34.7,3,3,10.28
279053,2.5,-153.3,34.1,3,3,9.75
279093,2.6,-153.4,33.5,3,3,9.22
279133,2.8,-153.5,33.1,3,3,8.67
279173,2.9,-153.5,32.7,3,3,8.15
279213,3.2,-153.5,32.3,3,3,7.63
279253,3.4,-153.6,31.8,3,3,7.14
279293,3.7,-153.6,31.2,3,3,6.62
279333,4.1,-153.4,30.5,3,3,6.12
279373,4.4,-153.3,29.9,3,3,5.58
279413,4.8,-153.2,29.3,3,3,5.06
279453,5.1,-153.0,28.7,3,3,4.54
279493,5.4,-152.9,28.2,3,3,4.03
279533,5.7,-152.8,27.6,3,3,3.52
279573,5.9,-152.5,26.9,3,3,3.03
279613,6.0,-152.4,26.4,3,3,2.6
279653,6.2,-152.2,25.9,3,3,2.22
279693,6.4,-152.0,25.4,3,3,1.92
279733,6.5,-151.7,25.0,3,3,1.66
279773,6.7,-151.6,24.5,3,3,1.47
279813,6.9,-151.7,24.0,3,3,1.3
279853,7.2,-151.8,23.4,3,3,1.16
279893,7.4,-151.7,22.8,3,3,1.05
279933,7.6,-151.6,22.2,3,3,0.96
279973,7.6,-151.4,21.6,3,3,0.88
280013,7.6,-151.1,20.9,3,3,0.8
280053,7.6,-150.9,20.1,3,3,0.74
280093,7.6,-150.8,19.3,3,3,0.68
280133,7.6,-150.8,18.6,3,3,0.64
280173,7.7,-150.8,18.0,3,3,0.61
280213,8.0,-151.0,17.5,3,3,0.58
280253,8.4,-151.2,17.1,3,3,0.55
280293,8.6,-151.4,16.6,3,3,0.54
280333,8.6,-151.3,16.1,3,3,0.52
280373,8.5,-150.8,15.7,3,3,0.5
280413,8.5,-150.1,15.4,3,3,0.46
280453,8.6,-150.1,15.2,3,3,0.43
280493,8.7,-150.4,14.9,3,3,0.4
280533,8.8,-150.6,14.8,3,3,0.38
280573,8.8,-150.4,14.7,3,3,0.38
280613,8.8,-150.1,14.7,3,3,0.38
280653,8.9,-149.9,14.7,3,3,0.38
280693,9.0,-149.8,14.6,3,3,0.39
280733,9.2,-149.8,14.5,3,3,0.43
280773,9.4,-150.1,14.3,3,3,0.45
280813,9.8,-150.5,14.1,3,3,0.47
280853,10.2,-150.7,13.9,3,3,0.5
280893,10.5,-150.7,13.7,3,3,0.5
280933,10.6,-150.7,13.5,3,3,0.5
280973,10.7,-150.7,13.3,3,3,0.49
281013,10.9,-150.7,13.1,3,3,0.48
281053,11.0,-150.7,13.0,3,3,0.48
281093,11.2,-150.7,12.9,3,3,0.47
281133,11.2,-150.6,12.9,3,3,0.47
281173,11.2,-150.3,13.0,3,3,0.45
281213,11.2,-150.2,13.0,3,3,0.45
281253,11.2,-150.0,13.0,3,3,0.45
281293,11.2,-150.1,13.0,3,3,0.45
281333,11.2,-150.3,12.9,3,3,0.45
281373,11.2,-150.6,12.9,3,3,0.45
281413,11.2,-150.8,12.9,3,3,0.46
281453,11.2,-150.9,12.8,3,3,0.46
281493,11.2,-151.0,12.8,3,3,0.46
281533,11.2,-151.0,12.8,3,3,0.47
281573,11.2,-150.9,12.8,3,3,0.48
281613,11.2,-150.8,12.8,3,3,0.49
281653,11.2,-150.7,12.8,3,3,0.5
281693,11.2,-150.7,12.8,3,3,0.5
281733,11.2,-150.7,12.8,3,3,0.51
281773,11.2,-150.6,12.8,3,3,0.51
281813,11.2,-150.6,12.8,3,3,0.52
281853,11.2,-150.6,12.8,3,3,0.52
281893,11.2,-150.6,12.8,3,3,0.51
281933,11.2,-150.5,12.8,3,3,0.51
281973,11.2,-150.5,12.8,3,3,0.51
282013,11.2,-150.4,12.8,3,3,0.51
282053,11.2,-150.4,12.8,3,3,0.51
282093,11.2,-150.4,12.8,3,3,0.51
282133,11.2,-150.4,12.8,3,3,0.51
282173,11.2,-150.4,12.8,3,3,0.51
282213,11.2,-150.4,12.8,3,3,0.51
282253,11.2,-150.3,12.8,3,3,0.51
282293,11.2,-150.4,12.8,3,3,0.51
282333,11.2,-150.4,12.8,3,3,0.51
282373,11.2,-150.4,12.8,3,3,0.51
282413,11.2,-150.4,12.8,3,3,0.51
282453,11.2,-150.4,12.8,3,3,0.51
282493,11.2,-150.4,12.8,3,3,0.52
282533,11.2,-150.4,12.8,3,3,0.52
282573,11.2,-150.4,12.9,3,3,0.52
282613,11.2,-150.5,12.9,3,3,0.52
282653,11.1,-150.3,13.0,3,3,0.53
282693,11.0,-150.2,13.1,3,3,0.52
282733,11.0,-150.2,13.2,3,3,0.53
282773,11.1,-150.3,13.3,3,3,0.53
282813,11.1,-150.4,13.4,3,3,0.53
282853,11.1,-150.5,13.4,3,3,0.53
282893,11.2,-150.8,13.4,3,3,0.53
282933,11.3,-150.9,13.4,3,3,0.53
282973,11.3,-150.9,13.4,3,3,0.52
283013,11.3,-150.7,13.4,3,3,0.52
283053,11.2,-150.5,13.5,3,3,0.52
283093,11.2,-150.3,13.7,3,3,0.52
283133,11.1,-149.9,13.8,3,3,0.52
283173,10.9,-149.5,14.0,3,3,0.51
283213,10.8,-149.3,14.3,3,3,0.51
283253,10.6,-149.0,14.6,3,3,0.52
283293,10.5,-148.7,15.1,3,3,0.52
283333,10.6,-148.5,15.7,3,3,0.52
283373,10.9,-148.3,16.6,3,3,0.53
283413,11.2,-148.2,17.4,3,3,0.55
283453,11.3,-147.7,18.3,3,3,0.56
283493,11.2,-147.0,19.2,3,3,0.57
283533,11.1,-146.5,20.2,3,3,0.59
283573,11.1,-146.2,21.0,3,3,0.62
283613,11.0,-146.1,21.7,3,3,0.67
283653,10.8,-146.0,22.4,3,3,0.71
283693,10.6,-145.7,23.2,3,3,0.75
283733,10.3,-145.4,24.1,3,3,0.8
283773,10.0,-145.3,25.0,3,3,0.88
283813,9.7,-145.2,26.2,3,3,1.02
283853,9.4,-145.1,27.5,3,3,1.22
283893,9.0,-145.1,28.6,3,3,1.5
283933,8.6,-145.4,29.4,3,3,1.83
283973,8.0,-145.6,29.8,3,3,2.24
284013,7.2,-145.7,30.3,3,3,2.72
284053,6.6,-146.2,30.7,3,3,3.26
284093,6.2,-147.2,31.2,3,3,3.86
284133,5.8,-148.2,31.7,3,3,4.5
284173,5.5,-149.2,32.3,3,3,5.19
284213,5.2,-149.7,33.2,3,3,5.9
284253,4.8,-150.0,34.1,3,3,6.7
284293,4.4,-150.3,34.9,3,3,7.53
284333,3.9,-150.8,35.5,3,3,8.41
284373,3.4,-151.3,35.9,3,3,9.31
284413,3.2,-151.9,36.5,3,3,10.22
284453,2.7,-152.1,37.1,3,3,11.12
284493,2.4,-152.5,37.9,3,3,12.01
284533,2.0,-152.9,38.8,3,3,12.89
284573,1.4,-152.9,39.8,3,3,13.75
284613,1.5,-153.3,40.9,3,3,14.64
284653,1.7,-154.2,42.1,3,3,15.53
284693,1.6,-154.9,43.0,3,3,16.47
284733,1.3,-155.4,43.8,3,3,17.4
284773,1.1,-155.8,44.6,3,3,18.35
284813,0.6,-155.8,45.6,3,3,19.28
284853,0.7,-156.1,46.8,3,3,20.25
284893,0.6,-156.1,47.9,3,3,21.18
284933,0.6,-156.1,49.0,3,3,22.13
284973,-0.1,-155.7,50.0,3,3,23.04
285013,-0.7,-155.4,51.0,3,3,23.93
285053,-1.2,-155.0,52.2,3,3,24.83
285093,-1.4,-154.9,53.4,3,3,25.76
285133,-1.5,-154.8,54.6,3,3,26.68
285173,-1.2,-154.9,55.7,3,3,27.59
285213,-0.7,-155.4,56.8,3,3,28.48
285253,-0.7,-155.4,58.2,3,3,29.34
285293,-0.6,-155.4,59.5,3,3,30.24
285333,-0.8,-155.2,60.8,3,3,31.11
285373,-1.1,-155.2,61.8,3,3,31.99
285413,-1.5,-155.1,62.9,3,3,32.81
285453,-2.0,-155.3,64.3,3,3,33.66
285493,-2.7,-155.5,65.9,3,3,34.5
285533,-3.8,-155.8,67.5,3,3,35.39
285573,-4.0,-156.8,68.7,3,3,36.28
285613,-4.1,-157.3,69.8,3,3,37.15
285653,-3.7,-157.8,70.9,3,3,38.0
285693,-3.8,-157.9,72.1,3,3,38.85
285733,-4.0,-157.9,73.3,3,3,39.7
285773,-4.3,-157.9,74.5,3,3,40.54
285813,-4.6,-158.0,75.5,3,3,41.34
285853,-4.4,-158.4,76.7,3,3,42.11
285893,-4.5,-158.8,77.5,3,3,42.87
285933,-4.9,-159.4,78.5,3,3,43.61
285973,-5.0,-160.1,79.4,3,3,44.38
286013,-5.1,-160.4,80.3,3,3,45.11
286053,-4.7,-160.8,81.0,3,3,45.85
286093,-4.6,-160.8,81.8,3,3,46.53
286133,-4.3,-160.8,82.5,3,3,47.22
286173,-3.7,-160.8,83.1,3,3,47.83
286213,-3.6,-160.9,83.5,3,3,48.39
286253,-2.9,-161.0,83.9,3,3,48.88
286293,-2.4,-161.3,84.2,3,3,49.3
286333,-2.8,-161.3,84.5,3,3,49.68
286373,-2.2,-161.5,84.9,3,3,50.01
286413,-2.5,-161.7,85.1,3,3,50.29
286453,-2.5,-161.9,85.2,3,3,50.49
286493,-2.4,-162.0,85.2,3,3,50.63
286533,-2.8,-162.0,85.0,3,3,50.69
286573,-2.9,-162.0,84.4,3,3,50.62
286613,-3.2,-162.1,83.5,3,3,50.38
286653,-3.2,-162.0,82.4,3,3,49.92
286693,-3.2,-161.9,81.0,3,3,49.27
286733,-3.0,-162.0,79.5,3,3,48.37
286773,-2.6,-162.4,77.9,3,3,47.35
286813,-2.5,-162.7,76.6,3,3,46.17
286853,-2.2,-163.3,75.3,3,3,44.94
286893,-2.3,-163.4,74.3,3,3,43.7
286933,-1.9,-163.2,73.5,3,3,42.52
286973,-2.3,-162.8,72.5,3,3,41.4
287013,-2.2,-162.6,71.3,3,3,40.34
287053,-2.2,-162.5,69.9,3,3,39.35
287093,-2.2,-162.5,68.6,3,3,38.41
287133,-2.0,-162.3,67.7,3,3,37.57
287173,-2.0,-162.1,66.8,3,3,36.74
287213,-1.9,-161.8,65.8,3,3,35.95
287253,-1.7,-161.6,64.5,3,3,35.09
287293,-1.6,-161.3,63.2,3,3,34.28
287333,-1.4,-161.1,61.9,3,3,33.44
287373,-1.4,-160.7,60.8,3,3,32.68
287413,-1.3,-160.5,59.9,3,3,31.92
287453,-1.3,-160.1,59.2,3,3,31.17
287493,-1.1,-159.8,58.3,3,3,30.43
287533,-1.2,-159.5,57.2,3,3,29.67
287573,-1.2,-159.0,56.0,3,3,28.92
287613,-1.4,-158.6,54.7,3,3,28.17
287653,-1.5,-158.0,53.4,3,3,27.41
287693,-2.2,-157.2,52.3,3,3,26.66
287733,-2.0,-156.8,51.4,3,3,25.91
287773,-2.0,-156.3,50.4,3,3,25.11
287813,-2.2,-155.8,49.2,3,3,24.29
287853,-2.4,-155.3,48.0,3,3,23.42
287893,-2.4,-154.9,47.0,3,3,22.58
287933,-2.4,-154.6,46.1,3,3,21.75
287973,-2.2,-154.4,45.2,3,3,20.97
288013,-2.1,-154.2,44.3,3,3,20.15
288053,-1.9,-154.0,43.2,3,3,19.3
288093,-1.9,-153.8,42.0,3,3,18.41
288133,-1.7,-153.7,40.8,3,3,17.49
288173,-1.6,-153.4,39.6,3,3,16.55
288213,-1.5,-153.0,38.6,3,3,15.61
288253,-1.5,-152.6,37.8,3,3,14.66
288293,-1.2,-152.5,37.2,3,3,13.73
288333,-1.0,-152.3,36.7,3,3,12.84
288373,-0.9,-151.9,36.1,3,3,12.0
288413,-0.7,-151.6,35.4,3,3,11.22
288453,-0.4,-151.6,34.5,3,3,10.43
288493,-0.2,-151.6,33.4,3,3,9.69
288533,0.0,-151.5,32.5,3,3,8.89
288573,0.3,-151.2,31.7,3,3,8.11
288613,0.5,-150.8,31.2,3,3,7.32
288653,0.8,-150.6,30.8,3,3,6.54
288693,1.3,-150.3,30.4,3,3,5.76
288733,1.8,-150.2,29.8,3,3,5.0
288773,2.5,-150.0,28.9,3,3,4.28
288813,3.2,-149.9,28.0,3,3,3.61
288853,3.8,-149.7,27.1,3,3,3.02
288893,4.4,-149.4,26.3,3,3,2.49
288933,4.9,-149.0,25.4,3,3,2.04
288973,5.2,-148.3,24.6,3,3,1.66
289013,5.5,-147.5,23.7,3,3,1.36
289053,5.8,-146.8,22.8,3,3,1.13
289093,6.2,-146.3,21.9,3,3,0.96
289133,6.6,-145.8,21.1,3,3,0.84
289173,7.2,-145.3,20.3,3,3,0.77
289213,7.6,-144.5,19.5,3,3,0.72
289253,7.8,-143.6,18.8,3,3,0.7
289293,7.9,-142.5,18.1,3,3,0.6
289333,8.0,-141.7,17.4,3,3,0.52
